330,330,330,330,330,330,328,322,321,321,321,321,322,326,329,329,329,329,328,326,326,324,324,324,324,324
326,328,344,370,372,372,368,362,356,350,346,345,342,342,341,342,343,345,346,346,346,346,341,338,338
327,327,327,328,346,370,384,382,375,368,361,354,351,349,347,346,345,344,342,340,339,338,335,333,330,330,330
335,335,346,354,354,354,345,327,315,308,303,299,298,296,294,293,291,290,289,287,284,281,281,281,287,299,310,318,322,322,322,323
318,318,318,318,318,318,314,306,298,293,290,286,284,283,283,283,281,280,280,280,286,294,302,306,310,310,311,311,312,314,314,315,317,318,320,322,324,326
336,336,336,337,337,337,337,337,335,335,335,335,335,338,341,344,346,346,346,346,346,348,348,347,345,343,340,338,337,337
319,315,315,315,315,315,315,315,315,310,306,302,300,297,295,294,291,288,282,279,278,277,277,277,277,277,278,278,279,282,285,288,291,294,296,299,301,302,302,304,304,306,306,307,308,310,311,313,314,315,317,318,319,320
328,332,332,332,331,319,305,293,284,277,272,270,269,268,267,266,265,265,265,272,289,307,318,323,324,324,326,327,329,331,334,334,334
329,329,330,330,330,326,316,304,297,290,284,282,282,282,282,282,282,282,282,283,284,284,284,289,293,300,304,306,307,309,313,316,320,322,322
332,332,332,330,319,307,302,300,299,300,305,314,322,329,332,334,335,340,346,350,352,353,353,352,351,350,346,342,338,337,335,335,335,335
338,338,338,338,338,338,338,326,322,320,320,320,322,328,335,344,349,353,356,358,360,360,359,358,358,355,352,347,344,341,338,335,334
330,330,330,330,330,330,329,326,321,318,312,308,305,304,304,304,304,308,313,314,318,318,320,323,328,331,336,338
321,319,314,314,314,314,311,310,307,307,307,307,307,307,307,307,310,312,315,316,317,318,322,329,333,335,335,335,335,335
322,317,314,332,348,362,375,375,375,360,352,349,347,346,346,347,348,351,352,353,354,354,352,350,349,348,347,345,343,339,334,330,329,329,330
320,326,332,334,335,338,338,338,338,338,338,338,338,338,338,338,338,338,326,332,339,339,342,326,297,283,279,274,274,278,294,311,333,346,350,354,358,361,363,364,365,365,365,365,363,358,354,353,350,349,348,348,348,348,348,348,348,348,348,347,346,345,343,342,341,341,341,340,339,338
323,320,320,320,326,326,326,326,328,332,337,340,342,342,342,344,344,344,344,342,341,341,340,340,339,338,336,334,332,331,331,331
311,306,293,298,310,329,334,334,334,334,334,335,335,336,339,343,347,349,350,350,352,353,353,353,353,348,343,338,338,338
315,310,297,297,322,352,371,371,370,366,364,364,364,364,364,365,366,368,370,370,370,369,362,357,349,342,339,336,334,334,334,334,334,334,334,334,334,334
318,316,316,328,334,334,330,320,314,309,309,309,309,309,310,311,315,318,318,318,318,316,316,317,318,318,319,320,321,322,323,324,325,326
326,326,326,326,318,310,296,291,288,288,292,294,294,295,297,301,306,309,310,313,316,320,322,326,329,332,333,334,334,334,334,334
328,324,316,318,322,322,317,311,311,310,310,314,318,320,323,326,329,334,337,342,344,343,342,338,336,335,334
330,329,323,318,318,318,321,321,308,294,281,281,290,294,295,298,302,307,313,319,321,322,322,319,316,313,313,316,320,324,328,331,335,337,338,338,334,329,327,327,327,327,327,327
326,323,318,305,268,268,268,268,261,251,250,250,250,250,253,258,267,275,280,282,283,283,283,289,295,303,307,310,311,312,314,315,318,320,322,322
318,318,318,312,304,298,284,278,278,286,290,290,289,286,286,285,282,280,274,271,270,270,269,268,268,268,274,278,282,284,285,286,290,292,296,297,298,302,304,306,310,311,314,316,319,321,322,323
326,326,326,326,326,326,326,326,326,326,326,313,301,295,290,289,289,289,297,306,318,328,334,338,340,341,342,342,341,339,337,335
334,333,331,328,317,302,285,273,267,264,262,260,260,266,271,271,272,274,275,278,278,279,279,282,290,298,305,310,312,313,313,314,315,317,318,320,322,323,325,325,325
323,323,322,322,322,322,322,318,302,298,273,262,263,280,301,315,323,329,333,335,336,336,338,340,342,344,344,344,343,342,342,342,339,337,337,334,334,334,334,333,332
324,324,324,324,342,360,374,382,383,383,383,383,383,383,383,383,383,383,382,380,377,370,367,364,363,362,361,361,359,357,354,354,352,350,348,346,343,342,340,340
336,336,336,336,336,336,331,317,292,275,272,275,277,278,278,278,279,279,280,281,282,289,294,299,306,311,316,319,323,326,328,329
327,325,322,318,312,304,289,274,267,267,267,267,275,325,338,338,337,335,335,338,345,350,354,359,360,361,361,361,354,348,342,341,341,341
